stock_group,stock_group_cleaned,inv_code,description,units,last_cost,barcode
     STOCK GROUP 1000 - POULTRY PURCHASES,POULTRY ,100004,CHICKEN FILLETS,Kilogram,8,*100004*
     STOCK GROUP 1000 - POULTRY PURCHASES,POULTRY ,100040,CHICKEN FRAMES,Kilogram,0.25,*100040*
     STOCK GROUP 1000 - POULTRY PURCHASES,POULTRY ,100000,CHICKEN SCHNITZEL - LARGE,Kilogram,2.95,*100000*
     STOCK GROUP 1000 - POULTRY PURCHASES,POULTRY ,100022,DUCK - WHOLE,Each,15.94,*100022*
     STOCK GROUP 1000 - POULTRY PURCHASES,POULTRY ,100038,DUCK BREAST,Each,26.52,*100038*
     STOCK GROUP 1000 - POULTRY PURCHASES,POULTRY ,100048,DUCK FAT,Each,38.39,*100048*
     STOCK GROUP 1000 - POULTRY PURCHASES,POULTRY ,100016,DUCK FILLET,Each,5.8,*100016*
     STOCK GROUP 1000 - POULTRY PURCHASES,POULTRY ,100010,MARYLAND FILLET,Kilogram,7.5,*100010*
     STOCK GROUP 1000 - POULTRY PURCHASES,POULTRY ,100030,POUSOUNS,Each,6.25,*100030*
     STOCK GROUP 1000 - POULTRY PURCHASES,POULTRY ,100028,QUAIL BONED,Each,3.8,*100028*
     STOCK GROUP 1000 - POULTRY PURCHASES,POULTRY ,100046,TURKEY BREAST SMOKED,Kilogram,15,*100046*
     STOCK GROUP 1001 - BEEF PURCHASE,BEEF ,100100,BEEF BONES,Kilogram,2.5,*100100*
     STOCK GROUP 1001 - BEEF PURCHASE,BEEF ,100167,BEEF CHEEK,Kilogram,11,*100167*
     STOCK GROUP 1001 - BEEF PURCHASE,BEEF ,100101,BEEF DICED,Kilogram,10.6,*100101*
     STOCK GROUP 1001 - BEEF PURCHASE,BEEF ,100174,BEEF MARROW,Kilogram,2,*100174*
     STOCK GROUP 1001 - BEEF PURCHASE,BEEF ,100102,BEEF MINCED,Kilogram,8.97,*100102*
     STOCK GROUP 1001 - BEEF PURCHASE,BEEF ,100176,BLACK ANGUS CUBE ROLL (SCOTCH FILLET),Kilogram,16.9,*100176*
     STOCK GROUP 1001 - BEEF PURCHASE,BEEF ,100170,BLACK ANGUS EYE FILLET,Kilogram,28.5,*100170*
     STOCK GROUP 1001 - BEEF PURCHASE,BEEF ,100169,BLACK ANGUS STRIPLOIN,Kilogram,14.5,*100169*
     STOCK GROUP 1001 - BEEF PURCHASE,BEEF ,100150,EYE FILLET SPECIAL PRICE,Kilogram,24.99,*100150*
     STOCK GROUP 1001 - BEEF PURCHASE,BEEF ,100157,MSA STRIP LOIN KING ISLAND,Kilogram,16.9,*100157*
     STOCK GROUP 1001 - BEEF PURCHASE,BEEF ,100161,PORTERHOUSE WAGYU,Kilogram,49.03,*100161*
     STOCK GROUP 1001 - BEEF PURCHASE,BEEF ,100147,PORTERHOUSE WHOLE MSA,Kilogram,14.8,*100147*
     STOCK GROUP 1001 - BEEF PURCHASE,BEEF ,100164,RIBS BEEF,Kilogram,12.5,*100164*
     STOCK GROUP 1001 - BEEF PURCHASE,BEEF ,100125,ROAST TOPSIDE,Kilogram,8.5,*100125*
     STOCK GROUP 1001 - BEEF PURCHASE,BEEF ,100113,RUMP WAGYU,Kilogram,10.99,*100113*
     STOCK GROUP 1001 - BEEF PURCHASE,BEEF ,100115,SAUSAGE MINCE,Kilogram,5.01,*100115*
     STOCK GROUP 1001 - BEEF PURCHASE,BEEF ,100144,SCOTCH FILLET MSA,Kilogram,22.59,*100144*
     STOCK GROUP 1001 - BEEF PURCHASE,BEEF ,100119,SILVERSIDE,Kilogram,7.7,*100119*
     STOCK GROUP 1001 - BEEF PURCHASE,BEEF ,100155,T BONE STEAK  350GM,Each,8.06,*100155*
     STOCK GROUP 1001 - BEEF PURCHASE,BEEF ,100165,VEAL RIB,Kilogram,22.9,*100165*
     STOCK GROUP 1002 - PORK PURCHASES,PORK ,100201,BACON RINDLESS,Kilogram,9.99,*100201*
     STOCK GROUP 1002 - PORK PURCHASES,PORK ,100202,CHORIZO SAUSAGE,Kilogram,20.02,*100202*
     STOCK GROUP 1002 - PORK PURCHASES,PORK ,100204,HAM VIRGINIAN,Kilogram,10.07,*100204*
     STOCK GROUP 1002 - PORK PURCHASES,PORK ,100217,HUNGARIAN SALAMI,Kilogram,17.85,*100217*
     STOCK GROUP 1002 - PORK PURCHASES,PORK ,100208,PANCETTA,Kilogram,24.54,*100208*
     STOCK GROUP 1002 - PORK PURCHASES,PORK ,100234,PORK BELLY,Kilogram,12.62,*100234*
     STOCK GROUP 1002 - PORK PURCHASES,PORK ,100210,PORK FILLET,Kilogram,19.06,*100210*
     STOCK GROUP 1002 - PORK PURCHASES,PORK ,100211,PORK LEG B\R,Kilogram,8.42,*100211*
     STOCK GROUP 1002 - PORK PURCHASES,PORK ,100206,PORK LOIN,Kilogram,29.59,*100206*
     STOCK GROUP 1002 - PORK PURCHASES,PORK ,100229,PORK MINCED,Kilogram,9.17,*100229*
     STOCK GROUP 1002 - PORK PURCHASES,PORK ,100212,PORK SPARE RIBS - AMERICAN,Kilogram,17.33,*100212*
     STOCK GROUP 1002 - PORK PURCHASES,PORK ,100213,PROSCIUTTO,Kilogram,32.6,*100213*
     STOCK GROUP 1002 - PORK PURCHASES,PORK ,100215,SALAMI,Kilogram,22.5,*100215*
     STOCK GROUP 1003 - LAMB PURCHASES,LAMB ,100301,LAMB CUTLETS,Each,2.35,*100301*
     STOCK GROUP 1003 - LAMB PURCHASES,LAMB ,100304,LAMB LEG B\R,Kilogram,12.94,*100304*
     STOCK GROUP 1003 - LAMB PURCHASES,LAMB ,100310,LAMB MINCED,Kilogram,10.07,*100310*
     STOCK GROUP 1003 - LAMB PURCHASES,LAMB ,100305,LAMB RACKS,Each,1.95,*100305*
     STOCK GROUP 1003 - LAMB PURCHASES,LAMB ,100313,LAMB ROLLED,Kilogram,13.99,*100313*
     STOCK GROUP 1003 - LAMB PURCHASES,LAMB ,100309,LAMB RUMP,Kilogram,19.2,*100309*
     STOCK GROUP 1003 - LAMB PURCHASES,LAMB ,100308,LAMB SHANKS,Kilogram,10.5,*100308*
     STOCK GROUP 1003 - LAMB PURCHASES,LAMB ,100314,LAMB SHOULDER,Kilogram,16.93,*100314*
     STOCK GROUP 1004 - SEAFOOD PURCHASES,SEAFOOD ,100400,ATLANTIC SALMON,Kilogram,20.9,*100400*
     STOCK GROUP 1004 - SEAFOOD PURCHASES,SEAFOOD ,100402,BARRUMUNDI FILLET,Kilogram,11.9,*100402*
     STOCK GROUP 1004 - SEAFOOD PURCHASES,SEAFOOD ,100483,BASS GROPER,Kilogram,25.9,*100483*
     STOCK GROUP 1004 - SEAFOOD PURCHASES,SEAFOOD ,100405,BROAD BILL FISH,Kilogram,23.5,*100405*
     STOCK GROUP 1004 - SEAFOOD PURCHASES,SEAFOOD ,100409,CALAMARI TUBES,Kilogram,4.54,*100409*
     STOCK GROUP 1004 - SEAFOOD PURCHASES,SEAFOOD ,100482,CLAMMS ASIAN,Kilogram,18.9,*100482*
     STOCK GROUP 1004 - SEAFOOD PURCHASES,SEAFOOD ,100583,CRAB MEAT,Kilogram,44.01,*100583*
     STOCK GROUP 1004 - SEAFOOD PURCHASES,SEAFOOD ,100453,CRAYFISH,Kilogram,110,*100453*
     STOCK GROUP 1004 - SEAFOOD PURCHASES,SEAFOOD ,100470,JOHN DORY FILLETS,Kilogram,25.9,*100470*
     STOCK GROUP 1004 - SEAFOOD PURCHASES,SEAFOOD ,100440,MONK FISH,Kilogram,24.86,*100440*
     STOCK GROUP 1004 - SEAFOOD PURCHASES,SEAFOOD ,100416,MORTON BAY BUGS,Kilogram,24.5,*100416*
     STOCK GROUP 1004 - SEAFOOD PURCHASES,SEAFOOD ,100418,MUSSELS LOCAL,Kilogram,5.5,*100418*
     STOCK GROUP 1004 - SEAFOOD PURCHASES,SEAFOOD ,100461,OCEAN TROUT,Kilogram,25.23,*100461*
     STOCK GROUP 1004 - SEAFOOD PURCHASES,SEAFOOD ,100460,ORANGE ROUGHY,Kilogram,12.5,*100460*
     STOCK GROUP 1004 - SEAFOOD PURCHASES,SEAFOOD ,100419,OYSTERS,Each,0.8,*100419*
     STOCK GROUP 1004 - SEAFOOD PURCHASES,SEAFOOD ,100475,PIPPIES WHOLE,Kilogram,10,*100475*
     STOCK GROUP 1004 - SEAFOOD PURCHASES,SEAFOOD ,100422,PRAWN KING,Kilogram,23.9,*100422*
     STOCK GROUP 1004 - SEAFOOD PURCHASES,SEAFOOD ,100468,RAINBOW TROUT,Kilogram,12.5,*100468*
     STOCK GROUP 1004 - SEAFOOD PURCHASES,SEAFOOD ,100424,SALMON SMOKED,Kilogram,22.9,*100424*
     STOCK GROUP 1004 - SEAFOOD PURCHASES,SEAFOOD ,100445,SALMON TASMANIAN,Kilogram,27.9,*100445*
     STOCK GROUP 1004 - SEAFOOD PURCHASES,SEAFOOD ,100471,SCALLOP ROE OFF,Kilogram,39.95,*100471*
     STOCK GROUP 1004 - SEAFOOD PURCHASES,SEAFOOD ,100429,SHRIMP 60\90,Kilogram,18.8,*100429*
     STOCK GROUP 1004 - SEAFOOD PURCHASES,SEAFOOD ,100490,SILVERFISH,Kilogram,9.9,*100490*
     STOCK GROUP 1004 - SEAFOOD PURCHASES,SEAFOOD ,100427,SNAPPER BABY,Kilogram,17.9,*100427*
     STOCK GROUP 1004 - SEAFOOD PURCHASES,SEAFOOD ,100454,SNAPPER FILLETS,Kilogram,16.8,*100454*
     STOCK GROUP 1004 - SEAFOOD PURCHASES,SEAFOOD ,100479,SOFT SHELL CRABS,Kilogram,23.5,*100479*
     STOCK GROUP 1004 - SEAFOOD PURCHASES,SEAFOOD ,100435,SPANISH MACKERAL,Each,22.5,*100435*
     STOCK GROUP 1004 - SEAFOOD PURCHASES,SEAFOOD ,100438,SWORD FISH,Kilogram,24.5,*100438*
     STOCK GROUP 1004 - SEAFOOD PURCHASES,SEAFOOD ,100430,TREVALLY,Kilogram,16.5,*100430*
     STOCK GROUP 1004 - SEAFOOD PURCHASES,SEAFOOD ,100444,TROUT RAINBOW SMOKED,Kilogram,20.9,*100444*
     STOCK GROUP 1004 - SEAFOOD PURCHASES,SEAFOOD ,100431,TUNA,Kilogram,22.5,*100431*
     STOCK GROUP 1004 - SEAFOOD PURCHASES,SEAFOOD ,100432,WHITING,Kilogram,5.4,*100432*
     STOCK GROUP 1005 - GROCERY (GST),GROCERY ,100885, PASTE LAKSA,Kilogram,23.91,*100885*
     STOCK GROUP 1005 - GROCERY (GST),GROCERY ,100508,ALMOND BLANCHED,Kilogram,21.26,*100508*
     STOCK GROUP 1005 - GROCERY (GST),GROCERY ,100509,ALMOND FLAKES,Kilogram,24,*100509*
     STOCK GROUP 1005 - GROCERY (GST),GROCERY ,100510,ALMOND MEAL,Kilogram,24.41,*100510*
     STOCK GROUP 1005 - GROCERY (GST),GROCERY ,100511,ANCHOVIES,Grams,0.02,*100511*
     STOCK GROUP 1005 - GROCERY (GST),GROCERY ,100512,ANICE STAR,Kilogram,17.48,*100512*
     STOCK GROUP 1005 - GROCERY (GST),GROCERY ,100501,APPLE DICED,A10,3.18,*100501*
     STOCK GROUP 1005 - GROCERY (GST),GROCERY ,100866,APRICOT HALVES,Tin,5.22,*100866*
     STOCK GROUP 1005 - GROCERY (GST),GROCERY ,100519,BAKING POWDER,Kilogram,3.05,*100519*
     STOCK GROUP 1005 - GROCERY (GST),GROCERY ,100821,BASIL PESTO BAMBOLEO,Litre,12.5,*100821*
     STOCK GROUP 1005 - GROCERY (GST),GROCERY ,100520,BAY LEAVES,Grams,0.03,*100520*
     STOCK GROUP 1005 - GROCERY (GST),GROCERY ,100521,BEETROOT SLICED,Kilogram,3.03,*100521*
     STOCK GROUP 1005 - GROCERY (GST),GROCERY ,100522,BI-CARB SODA,Kilogram,2.05,*100522*
     STOCK GROUP 1005 - GROCERY (GST),GROCERY ,100954,BISCUITS LAVOSH,Each,3.86,*100954*
     STOCK GROUP 1005 - GROCERY (GST),GROCERY ,101144,BLACK EYE BEANS,Kilogram,6.1,*101144*
     STOCK GROUP 1005 - GROCERY (GST),GROCERY ,100789,BLUEBERRIES FROZEN,Kilogram,9.68,*100789*
     STOCK GROUP 1005 - GROCERY (GST),GROCERY ,100525,BOOSTER CHICKEN,Kilogram,10.5,*100525*
     STOCK GROUP 1005 - GROCERY (GST),GROCERY ,100816,BOUGHAL NAT/COUNTRY,Kilogram,4.95,*100816*
     STOCK GROUP 1005 - GROCERY (GST),GROCERY ,100903,BREAD BLOCK LOAF SLICED,Packet,1.5,*100903*
     STOCK GROUP 1005 - GROCERY (GST),GROCERY ,100527,BREAD CRUMBS,Kilogram,2.13,*100527*
     STOCK GROUP 1005 - GROCERY (GST),GROCERY ,100529,BREAD IMPROVER,Kilogram,3.69,*100529*
     STOCK GROUP 1005 - GROCERY (GST),GROCERY ,100532,BREAD SLICED WHITE,LOAF,2.8,*100532*
     STOCK GROUP 1005 - GROCERY (GST),GROCERY ,100770,BREAD SLICED WHOLEMEAL,LOAF,2.8,*100770*
     STOCK GROUP 1005 - GROCERY (GST),GROCERY ,101147,BRICK PASTRY,Grams,0.07,*101147*
     STOCK GROUP 1005 - GROCERY (GST),GROCERY ,101142,BRIOCHE BURGER ROLL 120GM,Each,1.15,*101142*
     STOCK GROUP 1005 - GROCERY (GST),GROCERY ,101139,BRIOCHE BURGER ROLL 40GM,Each,0.56,*101139*
     STOCK GROUP 1005 - GROCERY (GST),GROCERY ,101138,BRIOCHE BURGER ROLL 60GM,Each,1.02,*101138*
     STOCK GROUP 1005 - GROCERY (GST),GROCERY ,100537,BUTTER PORTIONS,Box,20.6,*100537*
     STOCK GROUP 1005 - GROCERY (GST),GROCERY ,100536,BUTTER SALTED,Kilogram,6.48,*100536*
     STOCK GROUP 1005 - GROCERY (GST),GROCERY ,100864,BUTTER UNSALTED,Kilogram,7.2,*100864*
     STOCK GROUP 1005 - GROCERY (GST),GROCERY ,100539,CAPERS,Kilogram,8.22,*100539*
     STOCK GROUP 1005 - GROCERY (GST),GROCERY ,101008,CARAWAY SEEDS,Kilogram,16.5,*101008*
     STOCK GROUP 1005 - GROCERY (GST),GROCERY ,100894,CARDAMON GROUND,Kilogram,48.5,*100894*
     STOCK GROUP 1005 - GROCERY (GST),GROCERY ,100781,CARDAMON PODS,Grams,0.05,*100781*
     STOCK GROUP 1005 - GROCERY (GST),GROCERY ,100949,CARDOMON POWDER,Each,48.5,*100949*
     STOCK GROUP 1005 - GROCERY (GST),GROCERY ,100503,CASH FOOD PURCHASES,Glass,1,*100503*
     STOCK GROUP 1005 - GROCERY (GST),GROCERY ,100540,CHAR GRILLED CAPSICUM,Kilogram,16.2,*100540*
     STOCK GROUP 1005 - GROCERY (GST),GROCERY ,100541,CHEESE BLUE,Kilogram,27.09,*100541*
     STOCK GROUP 1005 - GROCERY (GST),GROCERY ,100543,CHEESE BRIE,Kilogram,24.83,*100543*
     STOCK GROUP 1005 - GROCERY (GST),GROCERY ,100544,CHEESE CAMEMBERT,Kilogram,26.06,*100544*
     STOCK GROUP 1005 - GROCERY (GST),GROCERY ,100548,CHEESE FETTA,Kilogram,12.58,*100548*
     STOCK GROUP 1005 - GROCERY (GST),GROCERY ,101031,CHEESE GORGONZOLA,Kilogram,34.56,*101031*
     STOCK GROUP 1005 - GROCERY (GST),GROCERY ,100984,CHEESE GRANA PADANA,Kilogram,19,*100984*
     STOCK GROUP 1005 - GROCERY (GST),GROCERY ,100824,CHEESE MASCARPONI,Kilogram,14.28,*100824*
     STOCK GROUP 1005 - GROCERY (GST),GROCERY ,100554,CHEESE PHILLY,Kilogram,18.37,*100554*
     STOCK GROUP 1005 - GROCERY (GST),GROCERY ,100555,CHEESE RICOTTA,Kilogram,12.64,*100555*
     STOCK GROUP 1005 - GROCERY (GST),GROCERY ,100933,CHEESE SHREDDED MOZZARELLA,Kilogram,7.75,*100933*
     STOCK GROUP 1005 - GROCERY (GST),GROCERY ,100557,CHEESE SLICED,Kilogram,13.3,*100557*
     STOCK GROUP 1005 - GROCERY (GST),GROCERY ,100559,CHEESE TASTY,Kilogram,9.99,*100559*
     STOCK GROUP 1005 - GROCERY (GST),GROCERY ,100561,CHICK PEAS,Kilogram,4.37,*100561*
     STOCK GROUP 1005 - GROCERY (GST),GROCERY ,100709,CHILI POWDER,Kilogram,0,*100709*
     STOCK GROUP 1005 - GROCERY (GST),GROCERY ,100784,CHILLI FLAKES,Kilogram,6.5,*100784*
     STOCK GROUP 1005 - GROCERY (GST),GROCERY ,100562,CHILLI MINCED,Kilogram,8.05,*100562*
     STOCK GROUP 1005 - GROCERY (GST),GROCERY ,100960,CHINESE COOKING WINE,Each,3.99,*100960*
     STOCK GROUP 1005 - GROCERY (GST),GROCERY ,100922,CHIPOTLE PEPPERS,Tin,7.5,*100922*
     STOCK GROUP 1005 - GROCERY (GST),GROCERY ,100563,CHIPS 13ML,Kilogram,1.73,*100563*
     STOCK GROUP 1005 - GROCERY (GST),GROCERY ,101010,CHOCOLATE CALLEBEAUT,Kilogram,14.73,*101010*
     STOCK GROUP 1005 - GROCERY (GST),GROCERY ,100568,CIABATTA ROLL LARGE,Each,0.95,*100568*
     STOCK GROUP 1005 - GROCERY (GST),GROCERY ,100569,CINNAMON GROUND,Grams,0.01,*100569*
     STOCK GROUP 1005 - GROCERY (GST),GROCERY ,100570,CINNAMON STICKS,Packet,8.55,*100570*
     STOCK GROUP 1005 - GROCERY (GST),GROCERY ,100571,CLOVES,Grams,0.03,*100571*
     STOCK GROUP 1005 - GROCERY (GST),GROCERY ,100791,COCKTAIL SAMOSAS,Box,10.5,*100791*
     STOCK GROUP 1005 - GROCERY (GST),GROCERY ,100573,COCOA POWDER,Kilogram,15.42,*100573*
     STOCK GROUP 1005 - GROCERY (GST),GROCERY ,100806,COCONUT CREAM,Tin,1.76,*100806*
     STOCK GROUP 1005 - GROCERY (GST),GROCERY ,100574,COCONUT DESSICATED,Kilogram,6.27,*100574*
     STOCK GROUP 1005 - GROCERY (GST),GROCERY ,100576,COCONUT SHREDDED,Kilogram,6.5,*100576*
     STOCK GROUP 1005 - GROCERY (GST),GROCERY ,100867,CONES,Box,23.52,*100867*
     STOCK GROUP 1005 - GROCERY (GST),GROCERY ,101055,CORDIAL ORANGE LEMON,Litre,5.57,*101055*
     STOCK GROUP 1005 - GROCERY (GST),GROCERY ,100577,CORIANDER,Grams,0.01,*100577*
     STOCK GROUP 1005 - GROCERY (GST),GROCERY ,100990,CORIANDER SEEDS,Grams,0.01,*100990*
     STOCK GROUP 1005 - GROCERY (GST),GROCERY ,100578,CORN BABY,Tin,8.03,*100578*
     STOCK GROUP 1005 - GROCERY (GST),GROCERY ,100579,CORN CHIPS,Kilogram,7.18,*100579*
     STOCK GROUP 1005 - GROCERY (GST),GROCERY ,100832,CORN CREAMED,Kilogram,4.29,*100832*
     STOCK GROUP 1005 - GROCERY (GST),GROCERY ,100581,CORN KERNALS,Kilogram,3.91,*100581*
     STOCK GROUP 1005 - GROCERY (GST),GROCERY ,100582,COUS COUS,Kilogram,5.01,*100582*
     STOCK GROUP 1005 - GROCERY (GST),GROCERY ,101141,CRAB CLAW TINS,Each,22.5,*101141*
     STOCK GROUP 1005 - GROCERY (GST),GROCERY ,100584,CRACKERS WATER,Packet,1.79,*100584*
     STOCK GROUP 1005 - GROCERY (GST),GROCERY ,101146,CRANBERRIES DRIED,Kilogram,6.2,*101146*
     STOCK GROUP 1005 - GROCERY (GST),GROCERY ,100585,CREAM DOUBLE THICK,Litre,7.2,*100585*
     STOCK GROUP 1005 - GROCERY (GST),GROCERY ,100586,CREAM SOUR,Litre,9.4,*100586*
     STOCK GROUP 1005 - GROCERY (GST),GROCERY ,100587,CREAM THICKENED,Litre,4.2,*100587*
     STOCK GROUP 1005 - GROCERY (GST),GROCERY ,100946,CREME FRAICHE,Tub,19.5,*100946*
     STOCK GROUP 1005 - GROCERY (GST),GROCERY ,101116,CREME PATISSIERE,Kilogram,15.5,*101116*
     STOCK GROUP 1005 - GROCERY (GST),GROCERY ,100936,CROISSANTS UNCOOKED,Box,83.5,*100936*
     STOCK GROUP 1005 - GROCERY (GST),GROCERY ,100589,CUMIN,Grams,0.02,*100589*
     STOCK GROUP 1005 - GROCERY (GST),GROCERY ,100989,CUMIN SEEDS,Grams,0.01,*100989*
     STOCK GROUP 1005 - GROCERY (GST),GROCERY ,100801,CURRANTS,Kilogram,7.7,*100801*
     STOCK GROUP 1005 - GROCERY (GST),GROCERY ,100884,CURRY PASTE,Kilogram,10.55,*100884*
     STOCK GROUP 1005 - GROCERY (GST),GROCERY ,100590,CURRY POWDER,Kilogram,12.5,*100590*
     STOCK GROUP 1005 - GROCERY (GST),GROCERY ,103510,CUSTARD POWDER,Kilogram,3.58,*103510*
     STOCK GROUP 1005 - GROCERY (GST),GROCERY ,100591,DATES,Kilogram,5.65,*100591*
     STOCK GROUP 1005 - GROCERY (GST),GROCERY ,100777,DILL CUCUMBERS,Kilogram,5.46,*100777*
     STOCK GROUP 1005 - GROCERY (GST),GROCERY ,100592,DIM SIMS MINI,Packet,8.5,*100592*
     STOCK GROUP 1005 - GROCERY (GST),GROCERY ,100594,EGGS,Each,0.2,*100594*
     STOCK GROUP 1005 - GROCERY (GST),GROCERY ,100596,ESSENCE VANILLA,Litre,6.92,*100596*
     STOCK GROUP 1005 - GROCERY (GST),GROCERY ,100991,FENNEL SEEDS,Grams,0.01,*100991*
     STOCK GROUP 1005 - GROCERY (GST),GROCERY ,100668,FENUGREEK POWDER,Kilogram,0,*100668*
     STOCK GROUP 1005 - GROCERY (GST),GROCERY ,100599,FLOUR BAKERS,Kilogram,1.02,*100599*
     STOCK GROUP 1005 - GROCERY (GST),GROCERY ,100680,FLOUR BESAN,Kilogram,0,*100680*
     STOCK GROUP 1005 - GROCERY (GST),GROCERY ,100600,FLOUR CORN,Kilogram,8.27,*100600*
     STOCK GROUP 1005 - GROCERY (GST),GROCERY ,100601,FLOUR PLAIN,Kilogram,1.06,*100601*
     STOCK GROUP 1005 - GROCERY (GST),GROCERY ,100982,FLOUR RICE,Kilogram,1.78,*100982*
     STOCK GROUP 1005 - GROCERY (GST),GROCERY ,100602,FLOUR SELF RAISING,Kilogram,1.2,*100602*
     STOCK GROUP 1005 - GROCERY (GST),GROCERY ,100773,FRIED SHALLOTS,Kilogram,13.6,*100773*
     STOCK GROUP 1005 - GROCERY (GST),GROCERY ,100839,GARAM MARSALA HOYTS,Kilogram,6.69,*100839*
     STOCK GROUP 1005 - GROCERY (GST),GROCERY ,100607,GARLIC CRUSHED,Kilogram,4.72,*100607*
     STOCK GROUP 1005 - GROCERY (GST),GROCERY ,100974,GARLIC POWDER,Kilogram,44.93,*100974*
     STOCK GROUP 1005 - GROCERY (GST),GROCERY ,103549,GELATINE SHEETS,Packet,51.68,*103549*
     STOCK GROUP 1005 - GROCERY (GST),GROCERY ,100610,GHERKINS,Kilogram,5.83,*100610*
     STOCK GROUP 1005 - GROCERY (GST),GROCERY ,100611,GINGER GROUND,Grams,0.01,*100611*
     STOCK GROUP 1005 - GROCERY (GST),GROCERY ,100807,GINGER MINCED,Kilogram,5.64,*100807*
     STOCK GROUP 1005 - GROCERY (GST),GROCERY ,101059,GLUCOSE,Kilogram,6.59,*101059*
     STOCK GROUP 1005 - GROCERY (GST),GROCERY ,101088,GRAVY RICH BROWN G/F,Kilogram,9.87,*101088*
     STOCK GROUP 1005 - GROCERY (GST),GROCERY ,100921,HAZELNUTS,Kilogram,31.41,*100921*
     STOCK GROUP 1005 - GROCERY (GST),GROCERY ,100687,HAZLENUT PRALINE PASTE,Kilogram,0,*100687*
     STOCK GROUP 1005 - GROCERY (GST),GROCERY ,100617,HONEY,Kilogram,7.85,*100617*
     STOCK GROUP 1005 - GROCERY (GST),GROCERY ,100618,HORSERADISH,Kilogram,8.42,*100618*
     STOCK GROUP 1005 - GROCERY (GST),GROCERY ,100772,ICE CREAM TUB,Litre,1.11,*100772*
     STOCK GROUP 1005 - GROCERY (GST),GROCERY ,100861,ICECREAM CHOCOLATE,Litre,4.26,*100861*
     STOCK GROUP 1005 - GROCERY (GST),GROCERY ,100844,ICECREAM STRAWBERRY,Litre,2.46,*100844*
     STOCK GROUP 1005 - GROCERY (GST),GROCERY ,100858,ICECREAM VANILLA,Litre,1.75,*100858*
     STOCK GROUP 1005 - GROCERY (GST),GROCERY ,100686,ISOMALT,Kilogram,0,*100686*
     STOCK GROUP 1005 - GROCERY (GST),GROCERY ,100793,JALAPENO PEPPER,Tin,17,*100793*
     STOCK GROUP 1005 - GROCERY (GST),GROCERY ,100809,JAM RASPBERRY,Kilogram,5.93,*100809*
     STOCK GROUP 1005 - GROCERY (GST),GROCERY ,100803,JAM STRAWBERRY,Kilogram,4,*100803*
     STOCK GROUP 1005 - GROCERY (GST),GROCERY ,100624,JELLY RED CURRANT,Kilogram,8.79,*100624*
     STOCK GROUP 1005 - GROCERY (GST),GROCERY ,100813,JUNIPER BERRI WARRINGAH,Grams,0.05,*100813*
     STOCK GROUP 1005 - GROCERY (GST),GROCERY ,101018,KERNALS - PINE,Kilogram,48.5,*101018*
     STOCK GROUP 1005 - GROCERY (GST),GROCERY ,100625,KIDNEY BEANS - RED,Tin,4.99,*100625*
     STOCK GROUP 1005 - GROCERY (GST),GROCERY ,100627,LENTILS,Kilogram,4.43,*100627*
     STOCK GROUP 1005 - GROCERY (GST),GROCERY ,100629,LIQUID SMOKE,Litre,19.68,*100629*
     STOCK GROUP 1005 - GROCERY (GST),GROCERY ,100630,MACADAMIA NUTS,Kilogram,33.8,*100630*
     STOCK GROUP 1005 - GROCERY (GST),GROCERY ,100633,MANGO SLICES,Tin,3.57,*100633*
     STOCK GROUP 1005 - GROCERY (GST),GROCERY ,100634,MARGARINE TUB,Kilogram,2.21,*100634*
     STOCK GROUP 1005 - GROCERY (GST),GROCERY ,101087,MAY PLOY COCONUT CREAM,Each,2.2,*101087*
     STOCK GROUP 1005 - GROCERY (GST),GROCERY ,100637,MILK COCONUT,Tin,1.43,*100637*
     STOCK GROUP 1005 - GROCERY (GST),GROCERY ,100638,MILK COND,Tin,3.35,*100638*
     STOCK GROUP 1005 - GROCERY (GST),GROCERY ,100640,MINI QUICHE,Box,69.5,*100640*
     STOCK GROUP 1005 - GROCERY (GST),GROCERY ,100641,MIRIN VINEGAR,Millilitres,0.01,*100641*
     STOCK GROUP 1005 - GROCERY (GST),GROCERY ,101092,MOROCCAN SEASONING,Kilogram,22.45,*101092*
     STOCK GROUP 1005 - GROCERY (GST),GROCERY ,101014,MUSHROOMS FOREST MIX,Kilogram,59.22,*101014*
     STOCK GROUP 1005 - GROCERY (GST),GROCERY ,100643,MUSTARD DIJON,Kilogram,3.32,*100643*
     STOCK GROUP 1005 - GROCERY (GST),GROCERY ,100644,MUSTARD ENGLISH,Kilogram,5.51,*100644*
     STOCK GROUP 1005 - GROCERY (GST),GROCERY ,100645,MUSTARD HONEY,Kilogram,5.05,*100645*
     STOCK GROUP 1005 - GROCERY (GST),GROCERY ,100646,MUSTARD PICKLE,Kilogram,5.19,*100646*
     STOCK GROUP 1005 - GROCERY (GST),GROCERY ,100647,MUSTARD SEEDED,Kilogram,5.51,*100647*
     STOCK GROUP 1005 - GROCERY (GST),GROCERY ,100648,MUSTARD SEEDS,Grams,0.09,*100648*
     STOCK GROUP 1005 - GROCERY (GST),GROCERY ,101093,MUSTARD SEEDS YELLOW,Kilogram,5.82,*101093*
     STOCK GROUP 1005 - GROCERY (GST),GROCERY ,100649,NOODLES HOKKIEN,Kilogram,3.3,*100649*
     STOCK GROUP 1005 - GROCERY (GST),GROCERY ,100932,NOODLES SINGAPORE,Kilogram,10,*100932*
     STOCK GROUP 1005 - GROCERY (GST),GROCERY ,100650,NUTMEG,Grams,0.06,*100650*
     STOCK GROUP 1005 - GROCERY (GST),GROCERY ,100651,NUTS CASHEW,Kilogram,18.66,*100651*
     STOCK GROUP 1005 - GROCERY (GST),GROCERY ,100653,NUTS PECAN,Kilogram,37.68,*100653*
     STOCK GROUP 1005 - GROCERY (GST),GROCERY ,100878,NUTS PISTACHIOS,Kilogram,55.02,*100878*
     STOCK GROUP 1005 - GROCERY (GST),GROCERY ,100882,OATS ROLLED,Kilogram,6.85,*100882*
     STOCK GROUP 1005 - GROCERY (GST),GROCERY ,100828,OIL CANOLA PURE,Litre,10.31,*100828*
     STOCK GROUP 1005 - GROCERY (GST),GROCERY ,100654,OIL COTTON SEED,Litre,1.92,*100654*
     STOCK GROUP 1005 - GROCERY (GST),GROCERY ,100655,OIL OLIVE ETRA VIRGIN,Litre,6.85,*100655*
     STOCK GROUP 1005 - GROCERY (GST),GROCERY ,101068,OIL PEANUT,Litre,7.87,*101068*
     STOCK GROUP 1005 - GROCERY (GST),GROCERY ,100656,OIL SESAME,Litre,10.17,*100656*
     STOCK GROUP 1005 - GROCERY (GST),GROCERY ,100657,OIL VEGETABLE,Litre,3.7,*100657*
     STOCK GROUP 1005 - GROCERY (GST),GROCERY ,101128,OIL WALNUT TEI,Kilogram,31.9,*101128*
     STOCK GROUP 1005 - GROCERY (GST),GROCERY ,100956,OIL WHITE TRUFFLE,Litre,66.12,*100956*
     STOCK GROUP 1005 - GROCERY (GST),GROCERY ,100659,OLIVES GREEN,Kilogram,8.43,*100659*
     STOCK GROUP 1005 - GROCERY (GST),GROCERY ,100848,OLIVES PITTED BLACK,Kilogram,6.93,*100848*
     STOCK GROUP 1005 - GROCERY (GST),GROCERY ,100975,ONION POWDER,Kilogram,7.98,*100975*
     STOCK GROUP 1005 - GROCERY (GST),GROCERY ,100660,OREGANO GROUND,Grams,0.03,*100660*
     STOCK GROUP 1005 - GROCERY (GST),GROCERY ,100786,PALM SUGAR,Kilogram,5.9,*100786*
     STOCK GROUP 1005 - GROCERY (GST),GROCERY ,101071,PANINI ROLL,Each,0.86,*101071*
     STOCK GROUP 1005 - GROCERY (GST),GROCERY ,100673,PAPITA KERNALS,Kilogram,0,*100673*
     STOCK GROUP 1005 - GROCERY (GST),GROCERY ,100662,PAPPADOMS,Packet,1.25,*100662*
     STOCK GROUP 1005 - GROCERY (GST),GROCERY ,100663,PAPRIKA,Grams,0.01,*100663*
     STOCK GROUP 1005 - GROCERY (GST),GROCERY ,101019,PAPRIKA SMOKED,Grams,0.02,*101019*
     STOCK GROUP 1005 - GROCERY (GST),GROCERY ,100874,PAPRIKA SWEET HUNGARIAN,Grams,0.02,*100874*
     STOCK GROUP 1005 - GROCERY (GST),GROCERY ,100665,PARTY PIES/PASTIES MINI,Box,40.42,*100665*
     STOCK GROUP 1005 - GROCERY (GST),GROCERY ,100666,PARTY SAUSAGE ROLLS MINI,Box,33.05,*100666*
     STOCK GROUP 1005 - GROCERY (GST),GROCERY ,100667,PASSIONFRUIT PULP,Tin,0.5,*100667*
     STOCK GROUP 1005 - GROCERY (GST),GROCERY ,100669,PASTA FETTUCINI,Kilogram,9,*100669*
     STOCK GROUP 1005 - GROCERY (GST),GROCERY ,100670,PASTA FRESH GNOCCHI,Kilogram,11.4,*100670*
     STOCK GROUP 1005 - GROCERY (GST),GROCERY ,100675,PASTA LINGUINI,Kilogram,3,*100675*
     STOCK GROUP 1005 - GROCERY (GST),GROCERY ,100676,PASTA MACARONI,Kilogram,1.87,*100676*
     STOCK GROUP 1005 - GROCERY (GST),GROCERY ,101049,PASTA PAPPARDELLE,Kilogram,9.12,*101049*
     STOCK GROUP 1005 - GROCERY (GST),GROCERY ,101054,PASTE CURRY RED MAE PLOY,Kilogram,5.19,*101054*
     STOCK GROUP 1005 - GROCERY (GST),GROCERY ,100683,PASTE GREEN THAI,Grams,0.01,*100683*
     STOCK GROUP 1005 - GROCERY (GST),GROCERY ,100785,PASTE TAHINI,Each,4.91,*100785*
     STOCK GROUP 1005 - GROCERY (GST),GROCERY ,100684,PASTE TANDORI,Kilogram,12.68,*100684*
     STOCK GROUP 1005 - GROCERY (GST),GROCERY ,100759,PASTRY FILO,Each,2.21,*100759*
     STOCK GROUP 1005 - GROCERY (GST),GROCERY ,100685,PASTRY PUFF,Kilogram,4.25,*100685*
     STOCK GROUP 1005 - GROCERY (GST),GROCERY ,101067,PASTRY SHORTCRUST,Kilogram,6.16,*101067*
     STOCK GROUP 1005 - GROCERY (GST),GROCERY ,100869,PEANUTS SALTED,Kilogram,6.76,*100869*
     STOCK GROUP 1005 - GROCERY (GST),GROCERY ,100819,PEANUTS UNSALTED,Kilogram,7.26,*100819*
     STOCK GROUP 1005 - GROCERY (GST),GROCERY ,100688,PEAS FROZEN,Kilogram,3.39,*100688*
     STOCK GROUP 1005 - GROCERY (GST),GROCERY ,100689,PEAS SPLIT,Kilogram,4.41,*100689*
     STOCK GROUP 1005 - GROCERY (GST),GROCERY ,100500,PEPPER BLACK,Kilogram,31.76,*100500*
     STOCK GROUP 1005 - GROCERY (GST),GROCERY ,100690,PEPPER CAYENNE,Grams,0.02,*100690*
     STOCK GROUP 1005 - GROCERY (GST),GROCERY ,100691,PEPPER CRACKED BLK,Kilogram,24.85,*100691*
     STOCK GROUP 1005 - GROCERY (GST),GROCERY ,100692,PEPPER LEMON,Grams,0.01,*100692*
     STOCK GROUP 1005 - GROCERY (GST),GROCERY ,100693,PEPPER PINK CORNS,Tin,20.7,*100693*
     STOCK GROUP 1005 - GROCERY (GST),GROCERY ,100694,PEPPER WHITE,Kilogram,23.68,*100694*
     STOCK GROUP 1005 - GROCERY (GST),GROCERY ,100695,PEPPERCORN GREEN,Kilogram,6.21,*100695*
     STOCK GROUP 1005 - GROCERY (GST),GROCERY ,100988,PEPPERCORNS SZECHUAN,Grams,0.04,*100988*
     STOCK GROUP 1005 - GROCERY (GST),GROCERY ,100987,PEPPERCORNS WHITE,Grams,0.02,*100987*
     STOCK GROUP 1005 - GROCERY (GST),GROCERY ,100923,PIE APPLES DICED,A10,3.76,*100923*
     STOCK GROUP 1005 - GROCERY (GST),GROCERY ,100698,PINEAPPLE SLICES,Tin,7.5,*100698*
     STOCK GROUP 1005 - GROCERY (GST),GROCERY ,100911,PINEAPPLE THINS,A10,2.71,*100911*
     STOCK GROUP 1005 - GROCERY (GST),GROCERY ,100661,PIRI PIRI SPICE MIX,Kilogram,0,*100661*
     STOCK GROUP 1005 - GROCERY (GST),GROCERY ,100699,PITA BREAD,Packet,6.5,*100699*
     STOCK GROUP 1005 - GROCERY (GST),GROCERY ,100829,PIZZA MINI SUPREME,Each,2.03,*100829*
     STOCK GROUP 1005 - GROCERY (GST),GROCERY ,100702,POLENTA,Kilogram,3.03,*100702*
     STOCK GROUP 1005 - GROCERY (GST),GROCERY ,100995,POMEGRANATE MOLASSES,Millilitres,0.01,*100995*
     STOCK GROUP 1005 - GROCERY (GST),GROCERY ,100795,POPPY SEEDS,Kilogram,11.59,*100795*
     STOCK GROUP 1005 - GROCERY (GST),GROCERY ,100981,PRAWN TWISTERS,Kilogram,22.16,*100981*
     STOCK GROUP 1005 - GROCERY (GST),GROCERY ,100677,QUINCE VINEGAR,Millilitres,0,*100677*
     STOCK GROUP 1005 - GROCERY (GST),GROCERY ,101108,RAINFOREST SEASON,Kilogram,59.5,*101108*
     STOCK GROUP 1005 - GROCERY (GST),GROCERY ,101038,RAISINS,Kilogram,7.64,*101038*
     STOCK GROUP 1005 - GROCERY (GST),GROCERY ,100790,RASPBERRIES FROZEN,Kilogram,11.28,*100790*
     STOCK GROUP 1005 - GROCERY (GST),GROCERY ,100703,REAL EASE,Each,5.2,*100703*
     STOCK GROUP 1005 - GROCERY (GST),GROCERY ,100776,RED ROASTED PEPPERS,Tin,20.76,*100776*
     STOCK GROUP 1005 - GROCERY (GST),GROCERY ,100904,RELISH TOMATO,Kilogram,10.27,*100904*
     STOCK GROUP 1005 - GROCERY (GST),GROCERY ,100704,RICE ABORIO,Kilogram,2.4,*100704*
     STOCK GROUP 1005 - GROCERY (GST),GROCERY ,101039,RICE BASMATI LONG,Kilogram,2.4,*101039*
     STOCK GROUP 1005 - GROCERY (GST),GROCERY ,100705,RICE JASMINE,Kilogram,2,*100705*
     STOCK GROUP 1005 - GROCERY (GST),GROCERY ,100706,RICE NOODLES,Kilogram,5.68,*100706*
     STOCK GROUP 1005 - GROCERY (GST),GROCERY ,101006,ROSE WATER,Litre,18.25,*101006*
     STOCK GROUP 1005 - GROCERY (GST),GROCERY ,100888,ROSEMARY HOYTS,Kilogram,8,*100888*
     STOCK GROUP 1005 - GROCERY (GST),GROCERY ,100992,SAFFRON POWDER,Grams,0.02,*100992*
     STOCK GROUP 1005 - GROCERY (GST),GROCERY ,100708,SAFFRON THREADS,Grams,5.71,*100708*
     STOCK GROUP 1005 - GROCERY (GST),GROCERY ,100711,SALT BULK,Kilogram,0.8,*100711*
     STOCK GROUP 1005 - GROCERY (GST),GROCERY ,101046,SALT CRYSTALS,Kilogram,25.6,*101046*
     STOCK GROUP 1005 - GROCERY (GST),GROCERY ,100712,SALT ROCK,Kilogram,0.53,*100712*
     STOCK GROUP 1005 - GROCERY (GST),GROCERY ,100830,SAMBAL OELEK,Grams,0.02,*100830*
     STOCK GROUP 1005 - GROCERY (GST),GROCERY ,100713,SAUCE - FISH,Litre,3.04,*100713*
     STOCK GROUP 1005 - GROCERY (GST),GROCERY ,100714,SAUCE APPLE,Litre,6.99,*100714*
     STOCK GROUP 1005 - GROCERY (GST),GROCERY ,100715,SAUCE BBQ,Kilogram,3,*100715*
     STOCK GROUP 1005 - GROCERY (GST),GROCERY ,100787,SAUCE BBQ RIB,Kilogram,27.4,*100787*
     STOCK GROUP 1005 - GROCERY (GST),GROCERY ,100717,SAUCE BOLOGANISE,Litre,7.55,*100717*
     STOCK GROUP 1005 - GROCERY (GST),GROCERY ,100718,SAUCE CAESAR,Litre,3.36,*100718*
     STOCK GROUP 1005 - GROCERY (GST),GROCERY ,100796,SAUCE CHAR SUI,Each,5.31,*100796*
     STOCK GROUP 1005 - GROCERY (GST),GROCERY ,100721,SAUCE CRANBERRY,Kilogram,8.82,*100721*
     STOCK GROUP 1005 - GROCERY (GST),GROCERY ,100722,SAUCE GRAVY,Litre,0.5,*100722*
     STOCK GROUP 1005 - GROCERY (GST),GROCERY ,100835,SAUCE HOI SIN,Kilogram,4.65,*100835*
     STOCK GROUP 1005 - GROCERY (GST),GROCERY ,100724,SAUCE KETJAP MANIS,Litre,5.65,*100724*
     STOCK GROUP 1005 - GROCERY (GST),GROCERY ,101045,SAUCE MIXED BERRY DESSERT,Litre,6.25,*101045*
     STOCK GROUP 1005 - GROCERY (GST),GROCERY ,100720,SAUCE NAPOLI,Litre,2.4,*100720*
     STOCK GROUP 1005 - GROCERY (GST),GROCERY ,100729,SAUCE PEPPER,Litre,2.77,*100729*
     STOCK GROUP 1005 - GROCERY (GST),GROCERY ,100730,SAUCE PLUM,Litre,10.02,*100730*
     STOCK GROUP 1005 - GROCERY (GST),GROCERY ,100731,SAUCE RASPBERRY,Kilogram,12.1,*100731*
     STOCK GROUP 1005 - GROCERY (GST),GROCERY ,101133,SAUCE SALSA,Litre,5.59,*101133*
     STOCK GROUP 1005 - GROCERY (GST),GROCERY ,100733,SAUCE SOY,Litre,6.58,*100733*
     STOCK GROUP 1005 - GROCERY (GST),GROCERY ,100734,SAUCE SWEET CHILLI,Litre,3.09,*100734*
     STOCK GROUP 1005 - GROCERY (GST),GROCERY ,100735,SAUCE TABASCO,Millilitres,0.06,*100735*
     STOCK GROUP 1005 - GROCERY (GST),GROCERY ,100736,SAUCE TARTARE,Litre,2.2,*100736*
     STOCK GROUP 1005 - GROCERY (GST),GROCERY ,100738,SAUCE TOMATO,Litre,2.05,*100738*
     STOCK GROUP 1005 - GROCERY (GST),GROCERY ,100506,SAUCE TOMATO PORTIONS,Box,42.18,*100506*
     STOCK GROUP 1005 - GROCERY (GST),GROCERY ,100739,SAUCE WORCESTERSHIRE,Litre,2.78,*100739*
     STOCK GROUP 1005 - GROCERY (GST),GROCERY ,100740,SEA SALT,Grams,0,*100740*
     STOCK GROUP 1005 - GROCERY (GST),GROCERY ,100941,SEASONING LEMON PEPPER,Kilogram,18.59,*100941*
     STOCK GROUP 1005 - GROCERY (GST),GROCERY ,101132,SEASONING TUSCAN,Grams,0.02,*101132*
     STOCK GROUP 1005 - GROCERY (GST),GROCERY ,101084,SEMOLINA,Kilogram,0,*101084*
     STOCK GROUP 1005 - GROCERY (GST),GROCERY ,100742,SESAME SEEDS,Kilogram,9.74,*100742*
     STOCK GROUP 1005 - GROCERY (GST),GROCERY ,101134,SESAME SEEDS BLACK,Grams,0.03,*101134*
     STOCK GROUP 1005 - GROCERY (GST),GROCERY ,100593,SHITAKE DRIED MUSHROOMS,Grams,0.03,*100593*
     STOCK GROUP 1005 - GROCERY (GST),GROCERY ,101002,SHRIMP PASTE BELACHAN,Kilogram,22.75,*101002*
     STOCK GROUP 1005 - GROCERY (GST),GROCERY ,101126,SMOKEY TOMATINA,Kilogram,42.34,*101126*
     STOCK GROUP 1005 - GROCERY (GST),GROCERY ,100840,SORBET,Litre,1.98,*100840*
     STOCK GROUP 1005 - GROCERY (GST),GROCERY ,100889,SORBET STRAWBERRY,Litre,1.98,*100889*
     STOCK GROUP 1005 - GROCERY (GST),GROCERY ,100745,SPICE CAJUN,Grams,0.03,*100745*
     STOCK GROUP 1005 - GROCERY (GST),GROCERY ,100746,SPICE CHINESE FIVE,Grams,0.01,*100746*
     STOCK GROUP 1005 - GROCERY (GST),GROCERY ,100747,SPRING ROLL MINI,Packet,10.5,*100747*
     STOCK GROUP 1005 - GROCERY (GST),GROCERY ,100507,SUGAR BROWN,Kilogram,1.54,*100507*
     STOCK GROUP 1005 - GROCERY (GST),GROCERY ,100748,SUGAR CASTOR,Kilogram,1.47,*100748*
     STOCK GROUP 1005 - GROCERY (GST),GROCERY ,100749,SUGAR ICING,Kilogram,3.26,*100749*
     STOCK GROUP 1005 - GROCERY (GST),GROCERY ,100924,SUGAR RAW,Kilogram,2.07,*100924*
     STOCK GROUP 1005 - GROCERY (GST),GROCERY ,100750,SUGAR WHITE,Kilogram,2.95,*100750*
     STOCK GROUP 1005 - GROCERY (GST),GROCERY ,100751,SULTANAS,Kilogram,7.43,*100751*
     STOCK GROUP 1005 - GROCERY (GST),GROCERY ,100958,SUMAK,Kilogram,28.15,*100958*
     STOCK GROUP 1005 - GROCERY (GST),GROCERY ,100917,TAMARIND,Packet,3.44,*100917*
     STOCK GROUP 1005 - GROCERY (GST),GROCERY ,100769,TARRAGON LEAF,Grams,0.08,*100769*
     STOCK GROUP 1005 - GROCERY (GST),GROCERY ,100774,THYME HOYTS,Kilogram,10.95,*100774*
     STOCK GROUP 1005 - GROCERY (GST),GROCERY ,100754,TOMATO PASTE,Kilogram,3.8,*100754*
     STOCK GROUP 1005 - GROCERY (GST),GROCERY ,100756,TOMATO SEMI-DRIED,Kilogram,11.14,*100756*
     STOCK GROUP 1005 - GROCERY (GST),GROCERY ,100755,TOMATO SUNDRIED,Kilogram,10.71,*100755*
     STOCK GROUP 1005 - GROCERY (GST),GROCERY ,100757,TOMATOES CRUSHED,Kilogram,1.5,*100757*
     STOCK GROUP 1005 - GROCERY (GST),GROCERY ,103524,TOPPING CHOC,Litre,2.98,*103524*
     STOCK GROUP 1005 - GROCERY (GST),GROCERY ,100938,TORTILLA FLOUR ROSITAS,Packet,5.03,*100938*
     STOCK GROUP 1005 - GROCERY (GST),GROCERY ,100780,TUMERIC HOYTS,Kilogram,15.23,*100780*
     STOCK GROUP 1005 - GROCERY (GST),GROCERY ,100758,TUNA CANNED,Kilogram,4.82,*100758*
     STOCK GROUP 1005 - GROCERY (GST),GROCERY ,100783,VANILLA BEANS,Grams,0.3,*100783*
     STOCK GROUP 1005 - GROCERY (GST),GROCERY ,101026,VANILLA EXTRACT,Kilogram,6.92,*101026*
     STOCK GROUP 1005 - GROCERY (GST),GROCERY ,101117,VEGETABLE STOCK ROYAL,Each,43.71,*101117*
     STOCK GROUP 1005 - GROCERY (GST),GROCERY ,101029,VINCOTTO,Millilitres,0.1,*101029*
     STOCK GROUP 1005 - GROCERY (GST),GROCERY ,100760,VINEGAR BALSAMIC,Litre,21.09,*100760*
     STOCK GROUP 1005 - GROCERY (GST),GROCERY ,100986,VINEGAR CIDER,Litre,3.85,*100986*
     STOCK GROUP 1005 - GROCERY (GST),GROCERY ,100817,VINEGAR MALTED,Each,1.89,*100817*
     STOCK GROUP 1005 - GROCERY (GST),GROCERY ,100761,VINEGAR RASPBERRY,Litre,27.9,*100761*
     STOCK GROUP 1005 - GROCERY (GST),GROCERY ,100838,VINEGAR RED WINE,Litre,2.64,*100838*
     STOCK GROUP 1005 - GROCERY (GST),GROCERY ,101040,VINEGAR RICE WINE,Litre,4.31,*101040*
     STOCK GROUP 1005 - GROCERY (GST),GROCERY ,101058,VINEGAR SHERRY PAEZ,Litre,11,*101058*
     STOCK GROUP 1005 - GROCERY (GST),GROCERY ,100762,VINEGAR WHITE,Litre,1.14,*100762*
     STOCK GROUP 1005 - GROCERY (GST),GROCERY ,101007,VINEGAR WHITE WINE,Litre,2.67,*101007*
     STOCK GROUP 1005 - GROCERY (GST),GROCERY ,100763,VINEGARETTE,Litre,2.33,*100763*
     STOCK GROUP 1005 - GROCERY (GST),GROCERY ,100765,WALNUTS,Kilogram,26.55,*100765*
     STOCK GROUP 1005 - GROCERY (GST),GROCERY ,101095,WASABI PASTE,Each,2.26,*101095*
     STOCK GROUP 1005 - GROCERY (GST),GROCERY ,100766,WEDGES,Kilogram,3.11,*100766*
     STOCK GROUP 1005 - GROCERY (GST),GROCERY ,100947,WHEAT BURGHAL,Kilogram,1.89,*100947*
     STOCK GROUP 1005 - GROCERY (GST),GROCERY ,100767,WONTON WRAPPERS,Packet,1.67,*100767*
     STOCK GROUP 1005 - GROCERY (GST),GROCERY ,100678,YAKINORI,Packet,0,*100678*
     STOCK GROUP 1005 - GROCERY (GST),GROCERY ,100768,YEAST FRESH,Kilogram,6.82,*100768*
     STOCK GROUP 1015 - GROCERY (FREE),GROCERY ,100900,BARLEY PEARL,Kilogram,3.33,*100900*
     STOCK GROUP 1015 - GROCERY (FREE),GROCERY ,101076,MIXED SPICE,Grams,0.01,*101076*
     STOCK GROUP 1015 - GROCERY (FREE),GROCERY ,100671,PASTA FRESH AGNELOTTI,Kilogram,2.2,*100671*
     STOCK GROUP 1015 - GROCERY (FREE),GROCERY ,100672,PASTA FRESH TORTELLINI,Kilogram,23,*100672*
     STOCK GROUP 1015 - GROCERY (FREE),GROCERY ,102652,PASTE QUINCE,Each,2.88,*102652*
     STOCK GROUP 1025 - PRODUCE,PRODUCE,102501,APPLES GRANNY,Kilogram,2.1,*102501*
     STOCK GROUP 1025 - PRODUCE,PRODUCE,102502,ASPARAGUS SPEARS,Bunch,39.6,*102502*
     STOCK GROUP 1025 - PRODUCE,PRODUCE,102503,AVOCADOS,TRAY,40,*102503*
     STOCK GROUP 1025 - PRODUCE,PRODUCE,102504,AVOCADOS EACH,Each,2.8,*102504*
     STOCK GROUP 1025 - PRODUCE,PRODUCE,102636,BASIL - BABY,Bunch,2.5,*102636*
     STOCK GROUP 1025 - PRODUCE,PRODUCE,102506,BEAN SHOOTS,Kilogram,2.94,*102506*
     STOCK GROUP 1025 - PRODUCE,PRODUCE,102507,BEANS GREEN,Kilogram,5.15,*102507*
     STOCK GROUP 1025 - PRODUCE,PRODUCE,102365,BEETROOT - BABY,Bunch,5.75,*102365*
     STOCK GROUP 1025 - PRODUCE,PRODUCE,102608,BEETROOT FRESH,Kilogram,2.53,*102608*
     STOCK GROUP 1025 - PRODUCE,PRODUCE,102594,BLUEBERRIES,Punet,5,*102594*
     STOCK GROUP 1025 - PRODUCE,PRODUCE,102509,BROCCOLI,Kilogram,2.87,*102509*
     STOCK GROUP 1025 - PRODUCE,PRODUCE,102631,BROCCOLINI,CASE,18.5,*102631*
     STOCK GROUP 1025 - PRODUCE,PRODUCE,102510,CABBAGE,Each,4.25,*102510*
     STOCK GROUP 1025 - PRODUCE,PRODUCE,102587,CABBAGE RED,Each,4.16,*102587*
     STOCK GROUP 1025 - PRODUCE,PRODUCE,102511,CAPSICUM GREEN,Kilogram,3.39,*102511*
     STOCK GROUP 1025 - PRODUCE,PRODUCE,102513,CAPSICUM RED,Kilogram,4.26,*102513*
     STOCK GROUP 1025 - PRODUCE,PRODUCE,102512,CAPSICUM YELLOW,Kilogram,4.83,*102512*
     STOCK GROUP 1025 - PRODUCE,PRODUCE,102514,CARROTS,Kilogram,1.33,*102514*
     STOCK GROUP 1025 - PRODUCE,PRODUCE,102605,CARROTS BATTON,Kilogram,3.4,*102605*
     STOCK GROUP 1025 - PRODUCE,PRODUCE,102515,CAULIFLOWER,Each,2.46,*102515*
     STOCK GROUP 1025 - PRODUCE,PRODUCE,102653,CELERIAC,Bunch,3.6,*102653*
     STOCK GROUP 1025 - PRODUCE,PRODUCE,102516,CELERY,Bunch,2.76,*102516*
     STOCK GROUP 1025 - PRODUCE,PRODUCE,102518,CHILLI FRESH,Kilogram,19.04,*102518*
     STOCK GROUP 1025 - PRODUCE,PRODUCE,102519,CORN SWEET,Each,1.92,*102519*
     STOCK GROUP 1025 - PRODUCE,PRODUCE,102583,COS LETTUCE BABY,Kilogram,10.72,*102583*
     STOCK GROUP 1025 - PRODUCE,PRODUCE,102520,CUCUMBER CONT,Bag,13.26,*102520*
     STOCK GROUP 1025 - PRODUCE,PRODUCE,102628,CURRY LEAVES,Packet,3.5,*102628*
     STOCK GROUP 1025 - PRODUCE,PRODUCE,102618,FENNEL,Bunch,1.98,*102618*
     STOCK GROUP 1025 - PRODUCE,PRODUCE,102641,FENNEL BABY,Box,1.2,*102641*
     STOCK GROUP 1025 - PRODUCE,PRODUCE,102668,FIGS FRESH,TRAY,90,*102668*
     STOCK GROUP 1025 - PRODUCE,PRODUCE,102586,GARLIC CLOVES,Kilogram,4.62,*102586*
     STOCK GROUP 1025 - PRODUCE,PRODUCE,102522,GINGER FRESH,Kilogram,9.52,*102522*
     STOCK GROUP 1025 - PRODUCE,PRODUCE,102642,GRAPEFRUIT,Each,0.72,*102642*
     STOCK GROUP 1025 - PRODUCE,PRODUCE,102523,GRAPES BLACK,Kilogram,10.83,*102523*
     STOCK GROUP 1025 - PRODUCE,PRODUCE,102525,HERBS BASIL,Bunch,2.95,*102525*
     STOCK GROUP 1025 - PRODUCE,PRODUCE,102615,HERBS CHERVIL,Bunch,2.5,*102615*
     STOCK GROUP 1025 - PRODUCE,PRODUCE,102526,HERBS CHIVES,Bunch,2.5,*102526*
     STOCK GROUP 1025 - PRODUCE,PRODUCE,102527,HERBS CORIANDER,Bunch,1.98,*102527*
     STOCK GROUP 1025 - PRODUCE,PRODUCE,102591,HERBS DILL,Each,2.69,*102591*
     STOCK GROUP 1025 - PRODUCE,PRODUCE,102576,HERBS MINT,Bunch,2.95,*102576*
     STOCK GROUP 1025 - PRODUCE,PRODUCE,102600,HERBS OREGANO,Bunch,2.88,*102600*
     STOCK GROUP 1025 - PRODUCE,PRODUCE,102597,HERBS TARRAGON,Bunch,3.62,*102597*
     STOCK GROUP 1025 - PRODUCE,PRODUCE,102592,HERBS THYME,Each,2.19,*102592*
     STOCK GROUP 1025 - PRODUCE,PRODUCE,102528,KIWI FRUIT,Each,4.31,*102528*
     STOCK GROUP 1025 - PRODUCE,PRODUCE,102529,LEEKS,Bunch,5.32,*102529*
     STOCK GROUP 1025 - PRODUCE,PRODUCE,102574,LEMON GRASS,Bunch,2.46,*102574*
     STOCK GROUP 1025 - PRODUCE,PRODUCE,102530,LEMONS,Kilogram,3.25,*102530*
     STOCK GROUP 1025 - PRODUCE,PRODUCE,102651,LETTUCE MESCLUN,Kilogram,8.54,*102651*
     STOCK GROUP 1025 - PRODUCE,PRODUCE,102558,LETTUCE SALAD MIX,Kilogram,8.54,*102558*
     STOCK GROUP 1025 - PRODUCE,PRODUCE,102535,LIME LEAVES,Punet,3.66,*102535*
     STOCK GROUP 1025 - PRODUCE,PRODUCE,102536,LIMES CASE,CASE,45.66,*102536*
     STOCK GROUP 1025 - PRODUCE,PRODUCE,102538,MANDARINS,Kilogram,3.5,*102538*
     STOCK GROUP 1025 - PRODUCE,PRODUCE,102598,MANGOS,Each,2.6,*102598*
     STOCK GROUP 1025 - PRODUCE,PRODUCE,102540,MELON - HONEYDEW,Each,8.07,*102540*
     STOCK GROUP 1025 - PRODUCE,PRODUCE,102539,MELONS - ROCK,Each,5,*102539*
     STOCK GROUP 1025 - PRODUCE,PRODUCE,102630,MUSHROOM SWISS,CASE,9.44,*102630*
     STOCK GROUP 1025 - PRODUCE,PRODUCE,102542,MUSHROOMS,Kilogram,8.93,*102542*
     STOCK GROUP 1025 - PRODUCE,PRODUCE,102607,MUSHROOMS BUTTON,Kilogram,9.18,*102607*
     STOCK GROUP 1025 - PRODUCE,PRODUCE,102626,MUSHROOMS ENOKI,CASE,3.66,*102626*
     STOCK GROUP 1025 - PRODUCE,PRODUCE,102579,MUSHROOMS FLAT,Kilogram,8.68,*102579*
     STOCK GROUP 1025 - PRODUCE,PRODUCE,102625,MUSHROOMS OYSTER,CASE,3.2,*102625*
     STOCK GROUP 1025 - PRODUCE,PRODUCE,102664,MUSHROOMS SHITAKE,Packet,3.2,*102664*
     STOCK GROUP 1025 - PRODUCE,PRODUCE,102544,ONIONS CAFE,Kilogram,1.36,*102544*
     STOCK GROUP 1025 - PRODUCE,PRODUCE,102545,ONIONS RED,Kilogram,3.38,*102545*
     STOCK GROUP 1025 - PRODUCE,PRODUCE,102543,ONIONS SPRING,Bunch,1.72,*102543*
     STOCK GROUP 1025 - PRODUCE,PRODUCE,102657,ORANGES BLOOD,Kilogram,6.98,*102657*
     STOCK GROUP 1025 - PRODUCE,PRODUCE,102581,ORANGES NAVEL,Kilogram,1.8,*102581*
     STOCK GROUP 1025 - PRODUCE,PRODUCE,102621,ORANGES VALENCIA,Box,29.8,*102621*
     STOCK GROUP 1025 - PRODUCE,PRODUCE,102659,PAPAYA,Each,3.8,*102659*
     STOCK GROUP 1025 - PRODUCE,PRODUCE,102546,PARSLEY,Bunch,1.95,*102546*
     STOCK GROUP 1025 - PRODUCE,PRODUCE,102588,PARSNIPS,Kilogram,4.55,*102588*
     STOCK GROUP 1025 - PRODUCE,PRODUCE,102606,PEARS,Kilogram,3.18,*102606*
     STOCK GROUP 1025 - PRODUCE,PRODUCE,102634,POTATOES - DESIREE,Kilogram,2.07,*102634*
     STOCK GROUP 1025 - PRODUCE,PRODUCE,102595,POTATOES - KIFFLER,Kilogram,5.57,*102595*
     STOCK GROUP 1025 - PRODUCE,PRODUCE,102551,POTATOES - PEELED,Kilogram,1.47,*102551*
     STOCK GROUP 1025 - PRODUCE,PRODUCE,102552,POTATOES - SWEET,Kilogram,1.78,*102552*
     STOCK GROUP 1025 - PRODUCE,PRODUCE,102553,PUMPKIN - PEELED,Kilogram,1.54,*102553*
     STOCK GROUP 1025 - PRODUCE,PRODUCE,102670,RED GARNET,Punet,2.5,*102670*
     STOCK GROUP 1025 - PRODUCE,PRODUCE,102556,RHUBARB,Bunch,4.19,*102556*
     STOCK GROUP 1025 - PRODUCE,PRODUCE,102557,ROCKET,Box,10.35,*102557*
     STOCK GROUP 1025 - PRODUCE,PRODUCE,102613,ROQUETTE WILD,Kilogram,11,*102613*
     STOCK GROUP 1025 - PRODUCE,PRODUCE,102575,ROSEMARY,Bunch,3.23,*102575*
     STOCK GROUP 1025 - PRODUCE,PRODUCE,102585,SAGE FRESH,Each,3.62,*102585*
     STOCK GROUP 1025 - PRODUCE,PRODUCE,102612,SHALLOTS FRESH,Kilogram,7.33,*102612*
     STOCK GROUP 1025 - PRODUCE,PRODUCE,102561,SPINACH BABY,Box,12.92,*102561*
     STOCK GROUP 1025 - PRODUCE,PRODUCE,102565,STRAWBERRIES,Punet,2.52,*102565*
     STOCK GROUP 1025 - PRODUCE,PRODUCE,102566,TOMATOES,Kilogram,3.25,*102566*
     STOCK GROUP 1025 - PRODUCE,PRODUCE,102568,TOMATOES CHERRY,Punet,2.76,*102568*
     STOCK GROUP 1025 - PRODUCE,PRODUCE,102567,TOMATOES COOKING,Box,2.62,*102567*
     STOCK GROUP 1025 - PRODUCE,PRODUCE,102569,TOMATOES ROMA,Kilogram,4.54,*102569*
     STOCK GROUP 1025 - PRODUCE,PRODUCE,102589,TURNIPS HEADS,Kilogram,3.36,*102589*
     STOCK GROUP 1025 - PRODUCE,PRODUCE,102570,WATER CRESS,Bunch,2.24,*102570*
     STOCK GROUP 1025 - PRODUCE,PRODUCE,102572,WATERMELON,Kilogram,2.29,*102572*
     STOCK GROUP 1025 - PRODUCE,PRODUCE,102573,ZUCCHINI,Kilogram,2.97,*102573*
     STOCK GROUP 1035 - DESSERT PURCHASE,DESSERT ,103584, YO YO,Each,0.72,*103584*
     STOCK GROUP 1035 - DESSERT PURCHASE,DESSERT ,103500,ASSORTED CAKES,Each,2.32,*103500*
     STOCK GROUP 1035 - DESSERT PURCHASE,DESSERT ,103567,ASSORTED CAKES  - CUSTARD TART CREAM,Each,1.25,*103567*
     STOCK GROUP 1035 - DESSERT PURCHASE,DESSERT ,103502,ASSORTED TRAY CAKE,Each,24.96,*103502*
     STOCK GROUP 1035 - DESSERT PURCHASE,DESSERT ,103503,BRANDY SNAP BASKETS,Each,2.23,*103503*
     STOCK GROUP 1035 - DESSERT PURCHASE,DESSERT ,103529,CAKE - CITRUS TART,Each,11.33,*103529*
     STOCK GROUP 1035 - DESSERT PURCHASE,DESSERT ,103554,CAKE - CITRUS TART - MINI,Each,1.41,*103554*
     STOCK GROUP 1035 - DESSERT PURCHASE,DESSERT ,103552,CARROT CAKE,Each,28.22,*103552*
     STOCK GROUP 1035 - DESSERT PURCHASE,DESSERT ,103582,CHEESE CAKE CLASSIC BAKED,Kilogram,21.03,*103582*
     STOCK GROUP 1035 - DESSERT PURCHASE,DESSERT ,103618,CHOCOLATE BUTTONS CADBURY,Kilogram,6.8,*103618*
     STOCK GROUP 1035 - DESSERT PURCHASE,DESSERT ,103507,CHOCOLATE FROGS,Kilogram,18.09,*103507*
     STOCK GROUP 1035 - DESSERT PURCHASE,DESSERT ,103511,DANISHES,Box,79.48,*103511*
     STOCK GROUP 1035 - DESSERT PURCHASE,DESSERT ,103514,GELATINE /LEAF,Packet,105.59,*103514*
     STOCK GROUP 1035 - DESSERT PURCHASE,DESSERT ,103515,GELATINE POWDER,Kilogram,48,*103515*
     STOCK GROUP 1035 - DESSERT PURCHASE,DESSERT ,103551,HUMMINGBIRD,Each,31.34,*103551*
     STOCK GROUP 1035 - DESSERT PURCHASE,DESSERT ,103517,JELLY/ASSORTED,Kilogram,3.59,*103517*
     STOCK GROUP 1035 - DESSERT PURCHASE,DESSERT ,103574,LEMON TART,Serve,14.72,*103574*
     STOCK GROUP 1035 - DESSERT PURCHASE,DESSERT ,103590,MACARONS PURCHASE,Each,1.36,*103590*
     STOCK GROUP 1035 - DESSERT PURCHASE,DESSERT ,103519,MOUSSE HOME MADE,Kilogram,16.58,*103519*
     STOCK GROUP 1035 - DESSERT PURCHASE,DESSERT ,103550,MUDCAKES,Each,29.52,*103550*
     STOCK GROUP 1035 - DESSERT PURCHASE,DESSERT ,103520,NON-PARIELS,Kilogram,5.98,*103520*
     STOCK GROUP 1035 - DESSERT PURCHASE,DESSERT ,103521,PAVLOVA,Kilogram,13.32,*103521*
     STOCK GROUP 1035 - DESSERT PURCHASE,DESSERT ,103562,PAVLOVA - MINI,Each,0.87,*103562*
     STOCK GROUP 1035 - DESSERT PURCHASE,DESSERT ,103522,PLUM PUDDING,Each,0.39,*103522*
     STOCK GROUP 1035 - DESSERT PURCHASE,DESSERT ,103638,SOY UHT MILK 1LT,Litre,2.54,*103638*
     STOCK GROUP 1035 - DESSERT PURCHASE,DESSERT ,103537,SWEET IND 4 inch CAKES,Each,2.32,*103537*
     STOCK GROUP 1035 - DESSERT PURCHASE,DESSERT ,103637,SYRUP TABOO CHAI 750ML,Millilitres,0.02,*103637*
     STOCK GROUP 1035 - DESSERT PURCHASE,DESSERT ,103523,TOPPING CARAMEL,Litre,2.48,*103523*
     STOCK GROUP 1035 - DESSERT PURCHASE,DESSERT ,103538,TOPPING CHOCOLATE,Litre,2.48,*103538*
     STOCK GROUP 1035 - DESSERT PURCHASE,DESSERT ,103533,TOPPING/ STRAW,Litre,2.48,*103533*
     STOCK GROUP 1035 - DESSERT PURCHASE,DESSERT ,103526,TOPPING/MAPLE,Litre,5.42,*103526*
     STOCK GROUP 1035 - DESSERT PURCHASE,DESSERT ,103635,WILDBERRY INDIVIDUAL CAKE,Each,11.82,*103635*
     STOCK GROUP 1035 - DESSERT PURCHASE,DESSERT ,103525,YOGHURT/NATURAL,Kilogram,5.2,*103525*
     STOCK GROUP 1036 - BEVERAGE PURCHASES,BEVERAGE ,103630,CHAI TEA,Each,14.3,*103630*
     STOCK GROUP 1036 - BEVERAGE PURCHASES,BEVERAGE ,103601,COFFEE BEANS,Kilogram,37,*103601*
     STOCK GROUP 1036 - BEVERAGE PURCHASES,BEVERAGE ,103627,COFFEE BEANS ORGANIC,Grams,0.03,*103627*
     STOCK GROUP 1036 - BEVERAGE PURCHASES,BEVERAGE ,103620,COFFEE DECAFFEINATED BRICK 250GM,Each,30,*103620*
     STOCK GROUP 1036 - BEVERAGE PURCHASES,BEVERAGE ,103619,COFFEE RSC FILTERED 200GM POUCH,Box,26.25,*103619*
     STOCK GROUP 1036 - BEVERAGE PURCHASES,BEVERAGE ,103604,DRINKING CHOC,Kilogram,9.05,*103604*
     STOCK GROUP 1036 - BEVERAGE PURCHASES,BEVERAGE ,103641,GRINDERS CHAI 2G POUCH,Serve,0.28,*103641*
     STOCK GROUP 1036 - BEVERAGE PURCHASES,BEVERAGE ,103642,GRINDERS CHAM 1.5G POUCH,Serve,0.28,*103642*
     STOCK GROUP 1036 - BEVERAGE PURCHASES,BEVERAGE ,103643,GRINDERS EARL GREY 2G POUCH,Serve,0.2,*103643*
     STOCK GROUP 1036 - BEVERAGE PURCHASES,BEVERAGE ,103622,GRINDERS ENGLISH BREAKFAST 2G POUCH,Serve,0.2,*103622*
     STOCK GROUP 1036 - BEVERAGE PURCHASES,BEVERAGE ,103636,GRINDERS ENGLISH BREAKFAST NA,Each,0.15,*103636*
     STOCK GROUP 1036 - BEVERAGE PURCHASES,BEVERAGE ,103644,GRINDERS P.MINT 1.5G POUCH,Serve,0.28,*103644*
     STOCK GROUP 1036 - BEVERAGE PURCHASES,BEVERAGE ,103640,GRINDERS SENCHA 1.5G POUCH,Serve,0.3,*103640*
     STOCK GROUP 1036 - BEVERAGE PURCHASES,BEVERAGE ,103613,MILK FRESH SKINNY,Litre,1.42,*103613*
     STOCK GROUP 1036 - BEVERAGE PURCHASES,BEVERAGE ,103612,MILK FRESH/FULL CREAM,Litre,1.3,*103612*
     STOCK GROUP 1036 - BEVERAGE PURCHASES,BEVERAGE ,103615,MILK PC FULL CREAM,Each,0.15,*103615*
     STOCK GROUP 1036 - BEVERAGE PURCHASES,BEVERAGE ,103606,MILK/UHT SKINNY,Litre,1.45,*103606*
     STOCK GROUP 1036 - BEVERAGE PURCHASES,BEVERAGE ,103608,SUGAR PC,Box,28.1,*103608*
     STOCK GROUP 1036 - BEVERAGE PURCHASES,BEVERAGE ,103609,SUGAR PC EQUAL,Box,35.85,*103609*
     STOCK GROUP 1036 - BEVERAGE PURCHASES,BEVERAGE ,103610,TEA BAGS,Box,38,*103610*
     STOCK GROUP 1036 - BEVERAGE PURCHASES,BEVERAGE ,103611,TEA BAGS/ENGLISH TWINING,Packet,17.6,*103611*
     STOCK GROUP 1036 - BEVERAGE PURCHASES,BEVERAGE ,103625,TEA LEAVES EARL CHAMOMILE,Grams,0.3,*103625*
     STOCK GROUP 1036 - BEVERAGE PURCHASES,BEVERAGE ,103626,TEA LEAVES EARL GREEN SENCHA,Grams,0.04,*103626*
     STOCK GROUP 1036 - BEVERAGE PURCHASES,BEVERAGE ,103624,TEA LEAVES EARL GREY,Bag,0.15,*103624*
     STOCK GROUP 1036 - BEVERAGE PURCHASES,BEVERAGE ,103623,TEA LEAVES PEPPERMINT,Bag,0.3,*103623*